itemId,title,category,description,option1,option2,option3
1,Donnie Darko,"Fantasy, Drama, Mystery","After narrowly escaping a bizarre accident, a troubled teenager is plagued by visions of a large bunny rabbit that manipulates him to commit a series of crimes.",113,2001/1/18,2001/1/18
2,A Clockwork Orange,"Science Fiction, Drama","Demonic gang-leader Alex goes on the spree of rape, mugging and murder with his pack of ""droogs"". But he's a boy who also likes Beethoven's Ninth and a bit of ""the old in-out, in-out"". He later finds himself at the mercy of the state and its brainwashing experiment designed to take violence off the streets.",136,1971/12/18,1971/12/18
3,Terminator 3: Rise of the Machines,"Action, Thriller, Science Fiction","It's been 10 years since John Connor saved Earth from Judgment Day, and he's now living under the radar, steering clear of using anything Skynet can trace. That is, until he encounters T-X, a robotic assassin ordered to finish what T-1000 started. Good thing Connor's former nemesis, the Terminator, is back to aid the now-adult Connor … just like he promised.",109,2003/7/2,2003/7/2
4,Batman Returns,"Action, Fantasy","Having defeated the Joker, Batman now faces the Penguin - a warped and deformed individual who is intent on being accepted into Gotham society. Crooked businessman Max Schreck is coerced into helping him become Mayor of Gotham and they both attempt to expose Batman in a different light. Selina Kyle, Max's secretary, is thrown from the top of a building and is transformed into Catwoman - a mysterious figure who has the same personality disorder as Batman. Batman must attempt to clear his name, all the time deciding just what must be done with the Catwoman.",126,1992/6/19,1992/6/19
5,The Day After Tomorrow,"Action, Adventure, Science Fiction, Thriller","After years of increases in the greenhouse effect,  havoc is wreaked globally in the form of catastrophic hurricanes, tornadoes, tidal waves, floods and the beginning of a new Ice Age. Paleoclimatologist, Jack Hall tries to warn the world while also shepherding to safety his son, trapped in New York after the city is overwhelmed by the start of the new big freeze.",124,2004/5/26,2004/5/26
6,The Last Samurai,"Drama, Action, War, History","Nathan Algren is an American hired to instruct the Japanese army in the ways of modern warfare, which finds him learning to respect the samurai and the honorable principles that rule them. Pressed to destroy the samurai's way of life in the name of modernization and open trade, Algren decides to become an ultimate warrior himself and to fight for their right to exist.",154,2003/12/5,2003/12/5
7,Sister Act,"Music, Comedy","A Reno singer witnesses a mob murder and the cops stash her in a nunnery to protect her from the hitmen. The mother superior does not trust her, and takes steps to limit her influence on the other nuns. Eventually the singer rescues the failing choir and begins helping with community projects, which gets her an interview on TV.",100,1992/5/28,1992/5/28
8,While You Were Sleeping,"Comedy, Drama, Romance","A love story built on a misunderstanding. A transit worker pulls commuter Peter off the tracks after he's mugged. But while he's in a coma, his family mistakenly thinks she's Peter's fiancée, and she doesn't correct them. Things get more complicated when she falls for his brother, who's not quite sure that she's who she claims to be.",103,1995/4/21,1995/4/21
9,American Pie,"Comedy, Romance","At a high-school party, four friends find that losing their collective virginity isn't as easy as they had thought. But they still believe that they need to do so before college. To motivate themselves, they enter a pact to all ""score."" by their senior prom.",95,1999/7/9,1999/7/9
10,Dead Poets Society,Drama,"At an elite, old-fashioned boarding school in New England, a passionate English teacher inspires his students to rebel against convention and seize the potential of every day, courting the disdain of the stern headmaster.",129,1989/6/2,1989/6/2
11,Batman Begins,"Action, Crime, Drama","Driven by tragedy, billionaire Bruce Wayne dedicates his life to uncovering and defeating the corruption that plagues his home, Gotham City.  Unable to work within the system, he instead creates a new identity, a symbol of fear for the criminal underworld - The Batman.",140,2005/6/10,2005/6/10
12,Terminator Salvation,"Action, Science Fiction, Thriller","All grown up in post-apocalyptic 2018, John Connor must lead the resistance of humans against the increasingly dominating militaristic robots. But when Marcus Wright appears, his existence confuses the mission as Connor tries to determine whether Wright has come from the future or the past -- and whether he's friend or foe.",115,2009/5/20,2009/5/20
13,Psycho,"Drama, Horror, Thriller","When larcenous real estate clerk Marion Crane goes on the lam with a wad of cash and hopes of starting a new life, she ends up at the notorious Bates Motel, where manager Norman Bates cares for his housebound mother. The place seems quirky, but fine… until Marion decides to take a shower.",109,1960/6/16,1960/6/16
14,Harry Potter and the Philosopher's Stone,"Adventure, Fantasy, Family","Harry Potter has lived under the stairs at his aunt and uncle's house his whole life. But on his 11th birthday, he learns he's a powerful wizard -- with a place waiting for him at the Hogwarts School of Witchcraft and Wizardry. As he learns to harness his newfound powers with the help of the school's kindly headmaster, Harry uncovers the truth about his parents' deaths -- and about the villain who's to blame.",152,2001/11/16,2001/11/16
15,The Sixth Sense,"Mystery, Thriller, Drama","A psychological thriller about an eight year old boy named Cole Sear who believes he can see into the world of the dead. A child psychologist named Malcolm Crowe comes to Cole to help him deal with his problem, learning that he really can see ghosts of dead people.",107,1999/8/6,1999/8/6
16,American Beauty,Drama,"Lester Burnham, a depressed suburban father in a mid-life crisis, decides to turn his hectic life around after developing an infatuation with his daughter's attractive friend.",122,1999/9/15,1999/9/15
17,The Fifth Element,"Adventure, Fantasy, Action, Thriller, Science Fiction","In 2257, a taxi driver is unintentionally given the task of saving a young girl who is part of the key that will ensure the survival of humanity.",126,1997/5/7,1997/5/7
18,2001: A Space Odyssey,"Science Fiction, Mystery, Adventure","Humanity finds a mysterious object buried beneath the lunar surface and sets off to find its origins with the help of HAL 9000, the world's most advanced super computer.",149,1968/4/10,1968/4/10
19,War of the Worlds,"Adventure, Thriller, Science Fiction","Ray Ferrier is a divorced dockworker and less-than-perfect father. Soon after his ex-wife and her new husband drop of his teenage son and young daughter for a rare weekend visit, a strange and powerful lightning storm touches down.",116,2005/6/28,2005/6/28
20,Raiders of the Lost Ark,"Adventure, Action","When Dr. Indiana Jones – the tweed-suited professor who just happens to be a celebrated archaeologist – is hired by the government to locate the legendary Ark of the Covenant, he finds himself up against the entire Nazi regime.",115,1981/6/12,1981/6/12
21,Men in Black II,"Action, Adventure, Comedy, Science Fiction","Kay and Jay reunite to provide our best, last and only line of defense against a sinister seductress who levels the toughest challenge yet to the MIB's untarnished mission statement – protecting Earth from the scum of the universe. It's been four years since the alien-seeking agents averted an intergalactic disaster of epic proportions. Now it's a race against the clock as Jay must convince Kay – who not only has absolutely no memory of his time spent with the MIB, but is also the only living person left with the expertise to save the galaxy – to reunite with the MIB before the earth submits to ultimate destruction.",88,2002/7/3,2002/7/3
22,Catch Me If You Can,"Drama, Crime","A true story about Frank Abagnale Jr. who, before his 19th birthday, successfully conned millions of dollars worth of checks as a Pan Am pilot, doctor, and legal prosecutor. An FBI agent makes it his mission to put him behind bars. But Frank not only eludes capture, he revels in the pursuit.",141,2002/12/25,2002/12/25
23,Star Wars,"Adventure, Action, Science Fiction",Princess Leia is captured and held hostage by the evil Imperial forces in their effort to take over the galactic Empire. Venturesome Luke Skywalker and dashing captain Han Solo team together with the loveable robot duo R2-D2 and C-3PO to rescue the beautiful princess and restore peace and justice in the Empire.,121,1977/5/25,1977/5/25
24,48 Hrs.,"Thriller, Action, Comedy, Crime, Drama","A hard-nosed cop reluctantly teams up with a wise-cracking criminal temporarily paroled to him, in order to track down a killer.",96,1982/12/7,1982/12/7
25,Batman & Robin,"Action, Crime, Fantasy","Along with crime-fighting partner Robin and new recruit Batgirl, Batman battles the dual threat of frosty genius Mr. Freeze and homicidal horticulturalist Poison Ivy. Freeze plans to put Gotham City on ice, while Ivy tries to drive a wedge between the dynamic duo.",125,1997/6/20,1997/6/20
26,Hulk,"Drama, Action, Science Fiction","Bruce Banner, a genetics researcher with a tragic past, suffers massive radiation exposure in his laboratory that causes him to transform into a raging green monster when he gets angry.",138,2003/6/19,2003/6/19
27,The Perfect Storm,Drama,"In October 1991, a confluence of weather conditions combined to form a killer storm in the North Atlantic. Caught in the storm was the sword-fishing boat Andrea Gail. Magnificent foreshadowing and anticipation fill this true-life drama while minute details of the fishing boats, their gear and the weather are juxtaposed with the sea adventure.",130,2000/3/15,2000/3/15
28,"Monsters, Inc.","Animation, Comedy, Family","James Sullivan and Mike Wazowski are monsters, they earn their living scaring children and are the best in the business... even though they're more afraid of the children than they are of them. When a child accidentally enters their world, James and Mike suddenly find that kids are not to be afraid of and they uncover a conspiracy that could threaten all children across the world.",92,2001/11/1,2001/11/1
29,Harry Potter and the Prisoner of Azkaban,"Adventure, Fantasy, Family","Harry, Ron and Hermione return to Hogwarts for another magic-filled year. Harry comes face to face with danger yet again, this time in the form of escaped convict, Sirius Black – and turns to sympathetic Professor Lupin for help.",141,2004/5/31,2004/5/31
30,Madagascar,"Family, Animation","Zoo animals leave the comforts of man-made habitats for exotic adventure in this animated family film. After escaping from the zoo, four friends -- a lion, a hippo, a zebra and a giraffe -- are sent back to Africa. When their ship capsizes, stranding them on Madagascar, an island populated by crazy critters, the pals must adapt to jungle life and their new roles as wild animals.",86,2005/5/25,2005/5/25
31,The Bourne Supremacy,"Action, Drama, Thriller","When a CIA operation to purchase classified Russian documents is blown by a rival agent, who then shows up in the sleepy seaside village where Bourne and Marie have been living. The pair run for their lives and Bourne, who promised retaliation should anyone from his former life attempt contact, is forced to once again take up his life as a trained assassin to survive.",108,2004/7/23,2004/7/23
32,Dawn of the Dead,Horror,"During an ever-growing epidemic of zombies that have risen from the dead, two Philadelphia SWAT team members, a traffic reporter, and his television-executive girlfriend seek refuge in a secluded shopping mall.",127,1978/9/2,1978/9/2
33,Mission: Impossible II,"Adventure, Action, Thriller","With computer genius Luther Stickell at his side and a beautiful thief on his mind, agent Ethan Hunt races across Australia and Spain to stop a former IMF agent from unleashing a genetically engineered biological weapon called Chimera. This mission, should Hunt choose to accept it, plunges him into the center of an international crisis of terrifying magnitude.",123,2000/5/24,2000/5/24
34,School of Rock,"Comedy, Music","Fired from his band and hard up for cash, guitarist and vocalist Dewey Finn finagles his way into a job as a fourth-grade substitute teacher at a private school, where he secretly begins teaching his students the finer points of rock 'n' roll. The school's hard-nosed principal is rightly suspicious of Finn's activities. But Finn's roommate remains in the dark about what he's doing.",108,2003/10/3,2003/10/3
35,The Orphanage,"Horror, Drama, Thriller","A woman brings her family back to her childhood home, which used to be an orphanage, intent on reopening it. Before long, her son starts to communicate with a new invisible friend.",105,2007/8/27,2007/8/27
36,High Noon,Western,High Noon is about a recently freed leader of a gang of bandits in the desert who is looking to get revenge on the Sheriff who put him in jail. A legendary western film from the Austrian director Fred Zinnemann.,85,1952/3/27,1952/3/27
37,Titanic,"Drama, Romance, Thriller","84 years later, a 101-year-old woman named Rose DeWitt Bukater tells the story to her granddaughter Lizzy Calvert, Brock Lovett, Lewis Bodine, Bobby Buell and Anatoly Mikailavich on the Keldysh about her life set in April 10th 1912, on a ship called Titanic when young Rose boards the departing ship with the upper-class passengers and her mother, Ruth DeWitt Bukater, and her fiancé, Caledon Hockley. Meanwhile, a drifter and artist named Jack Dawson and his best friend Fabrizio De Rossi win third-class tickets to the ship in a game. And she explains the whole story from departure until the death of Titanic on its first and last voyage April 15th, 1912 at 2:20 in the morning.",194,1997/11/18,1997/11/18
38,Leon: The Professional,"Thriller, Crime, Drama","Leon, the top hit man in New York, has earned a rep as an effective ""cleaner"". But when his next-door neighbors are wiped out by a loose-cannon DEA agent, he becomes the unwilling custodian of 12-year-old Mathilda. Before long, Mathilda's thoughts turn to revenge, and she considers following in Leon's footsteps.",110,1994/9/14,1994/9/14
39,Stand by Me,"Crime, Drama","After the death of a friend, a writer recounts a boyhood journey to find the body of a missing boy.",89,1986/8/22,1986/8/22
40,Pirates of the Caribbean: Dead Man's Chest,"Adventure, Fantasy, Action","Captain Jack Sparrow works his way out of a blood debt with the ghostly Davey Jones, he also attempts to avoid eternal damnation.",151,2006/6/20,2006/6/20
41,American History X,Drama,"Derek Vineyard is paroled after serving 3 years in prison for killing two thugs who tried to break into/steal his truck. Through his brother, Danny Vineyard's narration, we learn that before going to prison, Derek was a skinhead and the leader of a violent white supremacist gang that committed acts of racial crime throughout L.A. and his actions greatly influenced Danny. Reformed and fresh out of prison, Derek severs contact with the gang and becomes determined to keep Danny from going down the same violent path as he did.",119,1998/10/30,1998/10/30
42,Tron,"Science Fiction, Action, Adventure","As Kevin Flynn searches for proof that he invented a hit video game, he is ""digitalized"" by a laser and finds himself inside The Grid, where programs suffer under the tyrannical rule of the Master Control Program. With the help of TRON, a security program, Flynn seeks to free The Grid from the MCP.",96,1982/7/9,1982/7/9
43,Back to the Future,"Adventure, Comedy, Science Fiction, Family","Eighties teenager Marty McFly is accidentally sent back in time to 1955, inadvertently disrupting his parents' first meeting and attracting his mother's romantic interest. Marty must repair the damage to history by rekindling his parents' romance and - with the help of his eccentric inventor friend Doc Brown - return to 1985.",116,1985/7/3,1985/7/3
44,The Lord of the Rings: The Two Towers,"Adventure, Fantasy, Action","Frodo and Sam are trekking to Mordor to destroy the One Ring of Power while Gimli, Legolas and Aragorn search for the orc-captured Merry and Pippin. All along, nefarious wizard Saruman awaits the Fellowship members at the Orthanc Tower in Isengard.",179,2002/12/18,2002/12/18
45,Edward Scissorhands,"Fantasy, Drama, Romance",A small suburban town receives a visit from a castaway unfinished science experiment named Edward.,105,1990/12/5,1990/12/5
46,Minority Report,"Action, Thriller, Science Fiction, Mystery","John Anderton is a top 'Precrime' cop in the late-21st century, when technology can predict crimes before they're committed. But Anderton becomes the quarry when another investigator targets him for a murder charge.",145,2002/6/20,2002/6/20
47,The Terminator,"Action, Thriller, Science Fiction","In the post-apocalyptic future, reigning tyrannical supercomputers teleport a cyborg assassin known as the ""Terminator"" back to 1984 to kill Sarah Connor, whose unborn son is destined to lead insurgents against 21st century mechanical hegemony. Meanwhile, the human-resistance movement dispatches a lone warrior to safeguard Sarah. Can he stop the virtually indestructible killing machine?",108,1984/10/26,1984/10/26
48,The Godfather: Part III,"Crime, Drama, Thriller","In the midst of trying to legitimize his business dealings in 1979 New York and Italy, aging mafia don, Michael Corleone seeks forgiveness for his sins while taking a young protege under his wing.",162,1990/12/24,1990/12/24
49,King Kong,"Adventure, Drama, Action","In 1933 New York, an overly ambitious movie producer coerces his cast and hired ship crew to travel to mysterious Skull Island, where they encounter Kong, a giant ape who is immediately smitten with the leading lady.",187,2005/12/14,2005/12/14
50,True Romance,"Action, Thriller, Crime, Romance","Clarence marries hooker Alabama, steals cocaine from her pimp, and tries to sell it in Hollywood, while the owners of the coke try to reclaim it.",120,1993/9/9,1993/9/9
51,Alien,"Horror, Action, Thriller, Science Fiction","During its return to the earth, commercial spaceship Nostromo intercepts a distress signal from a distant planet. When a three-member team of the crew discovers a chamber containing thousands of eggs on the planet, a creature inside one of the eggs attacks an explorer. The entire crew is unaware of the impending nightmare set to descend upon them when the alien parasite planted inside its unfortunate host is birthed.",117,1979/5/25,1979/5/25
52,The Green Mile,"Fantasy, Drama, Crime","A supernatural tale set on death row in a Southern prison, where gentle giant John Coffey possesses the mysterious power to heal people's ailments. When the cellblock's head guard, Paul Edgecomb, recognizes Coffey's miraculous gift, he tries desperately to help stave off the condemned man's execution.",189,1999/12/10,1999/12/10
53,Fight Club,Drama,"A ticking-time-bomb insomniac and a slippery soap salesman channel primal male aggression into a shocking new form of therapy. Their concept catches on, with underground ""fight clubs"" forming in every town, until an eccentric gets in the way and ignites an out-of-control spiral toward oblivion.",139,1999/10/15,1999/10/15
54,Apollo 13,Drama,"The true story of technical troubles that scuttle the Apollo 13 lunar mission in 1971, risking the lives of astronaut Jim Lovell and his crew, with the failed journey turning into a thrilling saga of heroism. Drifting more than 200,000 miles from Earth, the astronauts work furiously with the ground crew to avert tragedy.",140,1995/6/30,1995/6/30
55,Vertigo,"Mystery, Romance, Thriller","A retired San Francisco detective suffering from acrophobia investigates the strange activities of an old friend's wife, all the while becoming dangerously obsessed with her.",128,1958/5/9,1958/5/9
56,Galaxy Quest,"Comedy, Family, Science Fiction","The stars of a 1970s sci-fi show - now scraping a living through re-runs and sci-fi conventions - are beamed aboard an alien spacecraft. Believing the cast's heroic on-screen dramas are historical documents of real-life adventures, the band of aliens turn to the ailing celebrities for help in their quest to overcome the oppressive regime in their solar system.",102,1999/12/23,1999/12/23
57,Harry Potter and the Goblet of Fire,"Adventure, Fantasy, Family","Harry starts his fourth year at Hogwarts, competes in the treacherous Triwizard Tournament and faces the evil Lord Voldemort. Ron and Hermione help Harry manage the pressure – but Voldemort lurks, awaiting his chance to destroy Harry and all that he stands for.",157,2005/11/5,2005/11/5
58,Finding Neverland,Drama,Finding Neverland is an amusing drama about how the story of Peter Pan and Neverland came to be. During a writing slump play writer J.M. Barrie meets the widowed Sylvia and her three children who soon become an important part of Barrie’s life and the inspiration that lead him to create his masterpiece “Peter Pan.”,106,2004/10/17,2004/10/17
59,Mission: Impossible,"Adventure, Action, Thriller","When Ethan Hunt, the leader of a crack espionage team whose perilous operation has gone awry with no explanation, discovers that a mole has penetrated the CIA, he's surprised to learn that he's the No. 1 suspect. To clear his name, Hunt now must ferret out the real double agent and, in the process, even the score.",110,1996/5/22,1996/5/22
60,Die Hard 2,"Action, Thriller","John McClane is an off-duty cop gripped with a feeling of déjà vu when on a snowy Christmas Eve in the nation's capital, terrorists seize a major international airport, holding thousands of holiday travelers hostage. Renegade military commandos led by a murderous rogue officer plot to rescue a drug lord from justice and are prepared for every contingency except one: McClane's smart-mouthed heroics.",124,1990/7/2,1990/7/2
61,Kill Bill: Vol. 1,"Action, Crime","An assassin is shot at the altar by her ruthless employer, Bill and other members of their assassination circle – but 'The Bride' lives to plot her vengeance. Setting out for some payback, she makes a death list and hunts down those who wronged her, saving Bill for last.",111,2003/10/10,2003/10/10
62,Blade Runner,"Science Fiction, Drama, Thriller","In the smog-choked dystopian Los Angeles of 2019, blade runner Rick Deckard is called out of retirement to terminate a quartet of replicants who have escaped to Earth seeking their creator for a way to extend their short life spans.",117,1982/6/25,1982/6/25
63,Cars,"Animation, Adventure, Comedy, Family","Lightning McQueen, a hotshot rookie race car driven to succeed, discovers that life is about the journey, not the finish line, when he finds himself unexpectedly detoured in the sleepy Route 66 town of Radiator Springs. On route across the country to the big Piston Cup Championship in California to compete against two seasoned pros, McQueen gets to know the town's offbeat characters.",117,2006/6/8,2006/6/8
64,300,"Action, Adventure, War","Based on Frank Miller's graphic novel, ""300"" is very loosely based the 480 B.C. Battle of Thermopylae, where the King of Sparta led his army against the advancing Persians; the battle is said to have inspired all of Greece to band together against the Persians, and helped usher in the world's first democracy.",117,2006/12/9,2006/12/9
65,Superman,"Action, Adventure, Fantasy, Science Fiction","Mild-mannered Clark Kent works as a reporter at the Daily Planet alongside his crush, Lois Lane − who's in love with Superman. Clark must summon his superhero alter ego when the nefarious Lex Luthor launches a plan to take over the world.",143,1978/12/13,1978/12/13
66,Ice Age: The Meltdown,"Animation, Family, Comedy, Adventure","Diego, Manny and Sid return in this sequel to the hit animated movie Ice Age. This time around, the deep freeze is over, and the ice-covered earth is starting to melt, which will destroy the trio's cherished valley. The impending disaster prompts them to reunite and warn all the other beasts about the desperate situation.",91,2006/3/23,2006/3/23
67,Finding Nemo,"Animation, Family","Nemo, an adventurous young clownfish, is unexpectedly taken from his Great Barrier Reef home to a dentist's office aquarium. It's up to his worrisome father Marlin and a friendly but forgetful fish Dory to bring Nemo home -- meeting vegetarian sharks, surfer dude turtles, hypnotic jellyfish, hungry seagulls, and more along the way.",100,2003/5/30,2003/5/30
68,Underworld,"Fantasy, Action, Thriller","Vampires and werewolves have waged a nocturnal war against each other for centuries. But all bets are off when a female vampire warrior named Selene, who's famous for her strength and werewolf-hunting prowess, becomes smitten with a peace-loving male werewolf, Michael, who wants to end the war.",121,2003/9/19,2003/9/19
69,Charlie and the Chocolate Factory,"Adventure, Comedy, Family, Fantasy","A young boy wins a tour through the most magnificent chocolate factory in the world, led by the world's most unusual candy maker.",115,2005/7/13,2005/7/13
70,The Matrix Revolutions,"Adventure, Action, Thriller, Science Fiction",The human city of Zion defends itself against the massive invasion of the machines as Neo fights to end the war at another front while also opposing the rogue Agent Smith.,129,2003/11/5,2003/11/5
71,Life Is Beautiful,"Comedy, Drama",A touching story of an Italian book seller of Jewish ancestry who lives in his own little fairy tale. His creative and happy life would come to an abrupt halt when his entire family is deported to a concentration camp during World War II. While locked up he tries to convince his son that the whole thing is just a game.,116,1997/12/20,1997/12/20
72,Pirates of the Caribbean: The Curse of the Black Pearl,"Adventure, Fantasy, Action","Jack Sparrow, a freewheeling 17th-century pirate who roams the Caribbean Sea, butts heads with a rival pirate bent on pillaging the village of Port Royal. When the governor's daughter is kidnapped, Sparrow decides to help the girl's love save her. But their seafaring mission is hardly simple.",143,2003/7/9,2003/7/9
73,Terminator 2: Judgment Day,"Action, Thriller, Science Fiction","Nearly 10 years have passed since Sarah Connor was targeted for termination by a cyborg from the future. Now her son, John, the future leader of the resistance, is the target for a newer, more deadly terminator. Once again, the resistance has managed to send a protector back to attempt to save John and his mother Sarah.",137,1991/7/1,1991/7/1
74,Kill Bill: Vol. 2,"Action, Crime, Thriller","The Bride unwaveringly continues on her roaring rampage of revenge against the band of assassins who had tried to kill her and her unborn child. She visits each of her former associates one-by-one, checking off the victims on her Death List Five until there's nothing left to do … but kill Bill.",136,2004/4/16,2004/4/16
75,Schindler's List,"Drama, History, War",The true story of how businessman Oskar Schindler saved over a thousand Jewish lives from the Nazis while they worked as slaves in his factory during World War II.,195,1993/11/29,1993/11/29
76,Superbad,Comedy,"High school best buddies are facing separation anxiety as they prepare to go off to college. While attempting to score alcohol for a party with help from a fake ID-toting friend, the guys' evening takes a turn into chaotic territory.",113,2007/8/17,2007/8/17
77,The Lord of the Rings: The Return of the King,"Adventure, Fantasy, Action","Aragorn is revealed as the heir to the ancient kings as he, Gandalf and the other members of the broken fellowship struggle to save Gondor from Sauron's forces. Meanwhile, Frodo and Sam bring the ring closer to the heart of Mordor, the dark lord's realm.",201,2003/12/1,2003/12/1
78,Good Will Hunting,Drama,"Will Hunting has a genius-level IQ but chooses to work as a janitor at MIT. When he solves a difficult graduate-level math problem, his talents are discovered by Professor Gerald Lambeau, who decides to help the misguided youth reach his potential. When Will is arrested for attacking a police officer, Professor Lambeau makes a deal to get leniency for him if he will get treatment from therapist Sean Maguire.",126,1997/12/5,1997/12/5
79,One Flew Over the Cuckoo's Nest,Drama,"While serving time for insanity at a state mental hospital, implacable rabble-rouser, Randle Patrick McMurphy inspires his fellow patients to rebel against the authoritarian rule of head nurse, Mildred Ratched.",133,1975/11/18,1975/11/18
80,The Mummy Returns,"Adventure, Action, Fantasy","Rick and Evelyn O'Connell, along with their 8 year old son Alex, discover the key to the legendary Scorpion King's might, the fabled Bracelet of Anubis. Unfortunately, a newly resurrected Imhotep has designs on the bracelet as well, and isn't above kidnapping its new bearer, Alex, to gain control of Anubis' otherworldly army.",130,2001/4/28,2001/4/28
81,Once Upon a Time in the West,Western,This classic western masterpiece is an epic film about a widow whose land and life are in danger as the railroad is getting closer and closer to taking them over. A mysterious harmonica player joins forces with a desperado to protect the woman and her land.,175,1968/12/21,1968/12/21
82,Trainspotting,"Drama, Crime","Renton, deeply immersed in the Edinburgh drug scene, tries to clean up and get out, despite the allure of the drugs and influence of friends.",93,1996/2/23,1996/2/23
83,Pulp Fiction,"Thriller, Crime","A burger-loving hit man, his philosophical partner, a drug-addled gangster's moll and a washed-up boxer converge in this sprawling, comedic crime caper. Their adventures unfurl in three stories that ingeniously trip back and forth in time.",154,1994/9/10,1994/9/10
84,Tomorrow Never Dies,"Adventure, Action, Thriller",A deranged media mogul is staging international incidents to pit the world's superpowers against each other. Now 007 must take on this evil mastermind in an adrenaline-charged battle to end his reign of terror and prevent global pandemonium.,119,1997/12/11,1997/12/11
85,Heat,"Action, Crime, Drama, Thriller","Obsessive master thief, Neil McCauley leads a top-notch crew on various insane heists throughout Los Angeles while a mentally unstable detective, Vincent Hanna pursues him without rest. Each man recognizes and respects the ability and the dedication of the other even though they are aware their cat-and-mouse game may end in violence.",170,1995/12/15,1995/12/15
86,Twilight,"Adventure, Fantasy, Drama, Romance","When Bella Swan moves to a small town in the Pacific Northwest to live with her father, she starts school and meets the reclusive Edward Cullen, a mysterious classmate who reveals himself to be a 108-year-old vampire. Despite Edward's repeated cautions, Bella can't help but fall in love with him, a fatal move that endangers her own life when a coven of bloodsuckers try to challenge the Cullen clan.",122,2008/11/20,2008/11/20
87,28 Days Later,"Horror, Thriller, Science Fiction","Twenty-eight days after a killer virus was accidentally unleashed from a British research facility, a small group of London survivors are caught in a desperate struggle to protect themselves from the infected. Carried by animals and humans, the virus turns those it infects into homicidal maniacs -- and it's absolutely impossible to contain.",113,2002/10/31,2002/10/31
88,Saw,"Horror, Mystery, Crime","Obsessed with teaching his victims the value of life, a deranged, sadistic serial killer abducts the morally wayward. Once captured, they must face impossible choices in a horrific game of survival. The victims must fight to win their lives back, or die trying...",103,2004/10/1,2004/10/1
89,"The Good, the Bad and the Ugly",Western,"While the Civil War rages between the Union and the Confederacy, three men – a quiet loner, a ruthless hit man and a Mexican bandit – comb the American Southwest in search of a strongbox containing $200,000 in stolen gold.",161,1966/12/23,1966/12/23
90,Mulholland Drive,"Thriller, Drama, Mystery","After a car wreck on the winding Mulholland Drive renders a woman amnesic, she and a perky Hollywood-hopeful search for clues and answers across Los Angeles in a twisting venture beyond dreams and reality.",147,2001/5/16,2001/5/16
91,The Thing,"Horror, Mystery, Science Fiction",Scientists in the Antarctic are confronted by a shape-shifting alien that assumes the appearance of the people that it kills.,109,1982/6/25,1982/6/25
92,Bandidas,"Action, Comedy, Western, Crime","Set in the late 19th century. When a ruthless robber baron takes away everything they cherish, a rough-and-tumble, idealistic peasant and a sophisticated heiress embark on a quest for justice, vengeance…and a few good heists.",93,2006/1/18,2006/1/18
93,Forrest Gump,"Comedy, Drama, Romance","A man with a low IQ has accomplished great things in his life and been present during significant historic events - in each case, far exceeding what anyone imagined he could do. Yet, despite all the things he has attained, his one true love eludes him. 'Forrest Gump' is the story of a man who rose above his challenges, and who proved that determination, courage, and love are more important than ability.",142,1994/7/6,1994/7/6
94,The Bourne Identity,"Action, Drama, Mystery, Thriller","Wounded to the brink of death and suffering from amnesia, Jason Bourne is rescued at sea by a fisherman. With nothing to go on but a Swiss bank account number, he starts to reconstruct his life, but finds that many people he encounters want him dead. However, Bourne realizes that he has the combat and mental skills of a world-class spy – but who does he work for?",119,2002/6/14,2002/6/14
95,The Shawshank Redemption,"Drama, Crime","Framed in the 1940s for the double murder of his wife and her lover, upstanding banker Andy Dufresne begins a new life at the Shawshank prison, where he puts his accounting skills to work for an amoral warden. During his long stretch in prison, Dufresne comes to be admired by the other inmates -- including an older prisoner named Red -- for his integrity and unquenchable sense of hope.",142,1994/9/23,1994/9/23
96,The Prestige,"Drama, Mystery, Thriller","A mysterious story of two magicians whose intense rivalry leads them on a life-long battle for supremacy -- full of obsession, deceit and jealousy with dangerous and deadly consequences.",130,2006/10/19,2006/10/19
97,The Departed,"Drama, Thriller, Crime","To take down South Boston's Irish Mafia, the police send in one of their own to infiltrate the underworld, not realizing the syndicate has done likewise. While an undercover cop curries favor with the mob kingpin, a career criminal rises through the police ranks. But both sides soon discover there's a mole among them.",151,2006/10/5,2006/10/5
98,Spy Game,"Action, Crime, Thriller","Veteran spy Nathan Muir is on the verge of retiring from the CIA when he learns that his one-time protégé and close friend, Tom Bishop, is a political prisoner sentenced to die in Beijing. Although their friendship has been marred by bad blood and resentment, Muir agrees to take on the most dangerous mission of his career and rescue Bishop.",126,2001/11/18,2001/11/18
99,Night at the Museum,"Action, Adventure, Comedy, Family, Fantasy","Chaos reigns at the natural history museum when night watchman Larry Daley accidentally stirs up an ancient curse, awakening Attila the Hun, an army of gladiators, a Tyrannosaurus rex and other exhibits. Larry tries desperately to keep the museum under control, but he's fighting a losing battle until President Teddy Roosevelt comes to the rescue.",108,2006/10/20,2006/10/20
100,Lara Croft: Tomb Raider,"Adventure, Fantasy, Action, Thriller","English aristocrat Lara Croft is skilled in hand-to-hand combat and in the middle of a battle with a secret society. The shapely archaeologist moonlights as a tomb raider to recover lost antiquities and meets her match in the evil Powell, who's in search of a powerful relic.",100,2001/6/11,2001/6/11
101,Sin City,"Action, Thriller, Crime","Welcome to Sin City. This town beckons to the tough, the corrupt, the brokenhearted. Some call it dark… Hard-boiled. Then there are those who call it home — Crooked cops, sexy dames, desperate vigilantes. Some are seeking revenge, others lust after redemption, and then there are those hoping for a little of both. A universe of unlikely and reluctant heroes still trying to do the right thing in a city that refuses to care.",124,2005/4/1,2005/4/1
102,Die Hard,"Action, Thriller","NYPD cop, John McClane's plan to reconcile with his estranged wife is thrown for a serious loop when minutes after he arrives at her office, the entire building is overtaken by a group of terrorists. With little help from the LAPD, wisecracking McClane sets out to single-handedly rescue the hostages and bring the bad guys down.",131,1988/7/15,1988/7/15
103,Final Fantasy VII: Advent Children,"Action, Adventure, Animation, Fantasy","Two years have passed since the final battle with Sephiroth. Though Midgar, city of mako, city of prosperity, has been reduced to ruins, its people slowly but steadily walk the road to reconstruction. However, a mysterious illness called Geostigma torments them. With no cure in sight, it brings death to the afflicted, one after another, robbing the people of their fledgling hope.",101,2005/7/14,2005/7/14
104,The Brothers Grimm,"Adventure, Fantasy, Action, Comedy, Thriller","Folklore collectors and con artists, Jake and Will Grimm, travel from village to village pretending to protect townsfolk from enchanted creatures and performing exorcisms. However, they are put to the test  when they encounter a real magical curse in a haunted forest with real magical beings, requiring genuine courage.",118,2005/8/26,2005/8/26
105,Seven Samurai,"Action, Drama","A samurai answers a village's request for protection after he falls on hard times. The town needs protection from bandits, so the samurai gathers six others to help him teach the people how to defend themselves, and the villagers provide the soldiers with food. A giant battle occurs when 40 bandits attack the village.",207,1954/4/26,1954/4/26
106,Bill & Ted's Excellent Adventure,"Adventure, Comedy, Science Fiction","In the small town of San Dimas, a few miles away from Los Angeles, there are two nearly brain dead teenage boys going by the names of Bill S, Preston ESQ. and Ted Theodore Logan, they have a dream together of starting their own rock and roll band called the ""Wyld Stallyns"". Unfortunately, they are still in high school and on the verge of failing out of their school as well, and if they do not pass their upcoming history report, they will be separated as a result of Ted's father sending him to military school. But, what Bill and Ted do not know is that they must stay together to save the future. So, a man from the future named Rufus came to help them pass their report. So, both Bill and Ted decided to gather up historical figures which they need for their report. They are hoping that this will help them pass their report so they can stay together.",90,1989/2/17,1989/2/17
107,Into the Wild,"Adventure, Drama","The true story of top student and athlete, Christopher McCandless, who after graduating from Emory University in 1992, abandoned his possessions, gave his entire $24,000 savings account to charity and hitchhiked to Alaska to live in the wilderness.",148,2007/9/11,2007/9/11
108,Citizen Kane,"Mystery, Drama","Newspaper magnate, Charles Foster Kane is taken from his mother as a boy and made the ward of a rich industrialist. As a result, every well-meaning, tyrannical or self-destructive move he makes for the rest of his life appears in some way to be a reaction to that deeply wounding event.",119,1941/4/30,1941/4/30
109,The Shining,"Horror, Thriller","Jack Torrance accepts a caretaker job at the Overlook Hotel, where he, along with his wife Wendy and their son Danny, must live isolated from the rest of the world for the winter. But they aren't prepared for the madness that lurks within.",144,1980/5/22,1980/5/22
110,Shrek 2,"Adventure, Animation, Comedy, Family, Fantasy","Shrek, Fiona and Donkey set off to Far, Far Away to meet Fiona's mother and father. But not everyone is happy. Shrek and the King find it hard to get along, and there's tension in the marriage. The fairy godmother discovers that Shrek has married Fiona instead of her Son Prince Charming and sets about destroying their marriage.",93,2004/5/19,2004/5/19
111,Saw II,Horror,"When a new murder victim is discovered with all the signs of Jigsaw's hand, Detective Eric Matthews begins a full investigation and apprehends Jigsaw with little effort. But for Jigsaw, getting caught is just another part of his plan. Eight more of his victims are already fighting for their lives and now it's time for Matthews to join the game...",92,2005/10/28,2005/10/28
112,Ghostbusters,"Comedy, Fantasy","After losing their academic posts at a prestigious university, a team of parapsychologists goes into business as proton-pack-toting ""ghostbusters"" who exterminate ghouls, hobgoblins and supernatural pests of all stripes. An ad campaign pays off when a knockout cellist hires the squad to purge her swanky digs of demons that appear to be living in her refrigerator.",107,1984/6/7,1984/6/7
113,Zodiac,"Crime, Drama, Mystery, Thriller","The true story of the investigation of 'The Zodiac Killer',  a serial killer who terrified the San Francisco Bay Area, taunting police with his ciphers and letters. The case becomes an obsession for four men as their lives and careers are built and destroyed by the endless trail of clues.",157,2007/3/2,2007/3/2
114,National Treasure,"Adventure, Action, Thriller, Mystery","Modern treasure hunters, led by archaeologist Ben Gates, search for a chest of riches rumored to have been stashed away by George Washington, Thomas Jefferson and Benjamin Franklin during the Revolutionary War. The chest's whereabouts may lie in secret clues embedded in the Constitution and the Declaration of Independence, and Gates is in a race to find the gold before his enemies do.",131,2004/11/19,2004/11/19
115,DragonHeart,Fantasy,"In an ancient time when majestic fire-breathers soared through the skies, a knight named Bowen comes face to face and heart to heart with the last dragon on Earth, Draco. Taking up arms to suppress a tyrant king, Bowen soon realizes his task will be harder than he'd imagined: If he kills the king, Draco will die as well.",103,1996/5/31,1996/5/31
116,Planet of the Apes,"Thriller, Science Fiction, Action, Adventure","After a spectacular crash-landing on an uncharted planet, brash astronaut Leo Davidson finds himself trapped in a savage world where talking apes dominate the human race. Desperate to find a way home, Leo must evade the invincible gorilla army led by Ruthless General Thade.",119,2001/7/25,2001/7/25
117,Basic Instinct 2,"Crime, Mystery, Thriller","Novelist Catherine Tramell is once again in trouble with the law, and Scotland Yard appoints psychiatrist Dr. Michael Glass to evaluate her. Though, like Detective Nick Curran before him, Glass is entranced by Tramell and lured into a seductive game.",114,2006/3/29,2006/3/29
118,Antz,"Adventure, Animation, Comedy, Family","In this animated hit, a neurotic worker ant in love with a rebellious princess rises to unlikely stardom when he switches places with a soldier. Signing up to march in a parade, he ends up under the command of a bloodthirsty general. But he's actually been enlisted to fight against a termite army.",83,1998/10/2,1998/10/2
119,Rear Window,"Drama, Mystery, Thriller","Professional photographer L.B. ""Jeff"" Jeffries breaks his leg while getting an action shot at an auto race. Confined to his New York apartment, he spends his time looking out of the rear window observing the neighbors. He begins to suspect that a man across the courtyard may have murdered his wife. Jeff enlists the help of his high society fashion-consultant girlfriend Lisa Freemont and his visiting nurse Stella to investigate.",112,1954/8/1,1954/8/1
120,A Real Young Girl,Drama,"Bored and restless, Alice spends much of her time lusting after Jim, a local sawmill worker. When not lusting after him, Alice fills the hours with such pursuits as writing her name on a mirror with vaginal secretions and wandering the fields with her underwear around her ankles. And, in true teenaged tradition, she spends a lot of time writing in her diary.",93,1976/1/1,1976/1/1
121,Pirates of the Caribbean: On Stranger Tides,"Adventure, Action, Fantasy","Captain Jack Sparrow crosses paths with a woman from his past, and he's not sure if it's love -- or if she's a ruthless con artist who's using him to find the fabled Fountain of Youth. When she forces him aboard the Queen Anne's Revenge, the ship of the formidable pirate Blackbeard, Jack finds himself on an unexpected adventure in which he doesn't know who to fear more: Blackbeard or the woman from his past.",136,2011/5/14,2011/5/14
122,Field of Dreams,"Drama, Fantasy","Ray Kinsella is an Iowa farmer who hears a mysterious voice telling him to turn his cornfield into a baseball diamond. He does, but the voice's directions don't stop -- even after the spirits of deceased ballplayers turn up to play.",107,1989/4/21,1989/4/21
123,Mary Poppins,"Comedy, Family, Fantasy","The movie combines a diverting story, songs, color and sequences of live action blended with the movements of animated figures. Mary Poppins is a kind of Super-nanny who flies in with her umbrella in response to the request of the Banks children and proceeds to put things right with the aid of her rather extraordinary magical powers before flying off again.",139,1964/8/27,1964/8/27
124,Strangers on a Train,"Crime, Drama, Thriller",A psychotic socialite confronts a pro tennis star with a theory on how two complete strangers can get away with murder...a theory that he plans to implement.,101,1951/6/18,1951/6/18
125,Indiana Jones and the Temple of Doom,"Adventure, Action","After arriving in India, Indiana Jones is asked by a desperate village to find a mystical stone. He agrees – and stumbles upon a secret cult plotting a terrible plan in the catacombs of an ancient palace.",118,1984/5/23,1984/5/23
126,The Mummy,"Adventure, Action, Fantasy","Dashing legionnaire Rick O'Connell and his companion, Beni stumble upon the hidden ruins of Hamunaptra while in the midst of a battle in 1923, 3,000 years after Imhotep has suffered a fate worse than death – his body will remain undead for all eternity as a punishment for a forbidden love.",124,1999/4/16,1999/4/16
127,Ghostbusters II,"Comedy, Fantasy","Five years after they defeated Gozer, the Ghostbusters are out of business. When Dana begins to have ghost problems again, the boys come out of retirement to aid her and hopefully save New York City from a new paranormal threat.",108,1989/6/15,1989/6/15
128,The Dark Knight,"Drama, Action, Crime, Thriller","Batman raises the stakes in his war on crime. With the help of Lt. Jim Gordon and District Attorney Harvey Dent, Batman sets out to dismantle the remaining criminal organizations that plague the streets. The partnership proves to be effective, but they soon find themselves prey to a reign of chaos unleashed by a rising criminal mastermind known to the terrified citizens of Gotham as the Joker.",152,2008/7/16,2008/7/16
129,Memento,"Mystery, Thriller","Suffering short-term memory loss after a head injury, Leonard Shelby embarks on a grim quest to find the lowlife who murdered his wife in this gritty, complex thriller that packs more knots than a hangman's noose. To carry out his plan, Shelby snaps Polaroids of people and places, jotting down contextual notes on the backs of photos to aid in his search and jog his memory. He even tattoos his own body in a desperate bid to remember.",113,2000/10/11,2000/10/11
130,Jackie Brown,"Comedy, Crime, Romance","Jackie Brown is a flight attendant who gets caught in the middle of smuggling cash into the country for her gunrunner boss. When the cops try to use Jackie to get to her boss, she hatches a plan—with help from a bail bondsman—to keep the money for herself. Based on Elmore Leonard's novel “Rum Punch”.",154,1997/12/24,1997/12/24
131,Sin City: A Dame to Kill For,"Crime, Thriller",Some of Sin City's most hard-boiled citizens cross paths with a few of its more reviled inhabitants.,102,2014/8/20,2014/8/20
132,The Godfather: Part II,"Drama, Crime","In the continuing saga of the Corleone crime family, a young Vito Corleone grows up in Sicily and in 1910s New York. In the 1950s, Michael Corleone attempts to expand the family business into Las Vegas, Hollywood and Cuba.",200,1974/12/20,1974/12/20
133,Ice Age,"Animation, Comedy, Family, Adventure","With the impending ice age almost upon them, a mismatched trio of prehistoric critters – Manny the woolly mammoth, Diego the saber-toothed tiger and Sid the giant sloth – find an orphaned infant and decide to return it to its human parents. Along the way, the unlikely allies become friends but, when enemies attack, their quest takes on far nobler aims.",81,2002/3/10,2002/3/10
134,Cube²: Hypercube,"Thriller, Science Fiction, Mystery",The sequel to the low budget first film ‘Cube.’ This time the prisoners find them selves in a more advanced cube environment that they must escape from before they are killed. A science fiction film where space and time have more than one path.,94,2002/4/15,2002/4/15
135,The Flintstones,"Fantasy, Comedy, Family",Modern Stone Age family the Flintstones hit the big screen in this live-action version of the classic cartoon. Fred helps Barney adopt a child. Barney sees an opportunity to repay him when Slate Mining tests its employees to find a new executive. But no good deed goes unpunished.,91,1994/5/26,1994/5/26
136,Kingdom of Heaven,"Drama, Action, Adventure, History, War","After his wife dies, a blacksmith named Balian is thrust into royalty, political intrigue and bloody holy wars during the Crusades.",144,2005/5/3,2005/5/3
137,Die Hard: With a Vengeance,"Action, Thriller","New York detective John McClane is back and kicking bad-guy butt in the third installment of this action-packed series, which finds him teaming with civilian Zeus Carver to prevent the loss of innocent lives. McClane thought he'd seen it all, until a genius named Simon engages McClane, his new ""partner"" -- and his beloved city -- in a deadly game that demands their concentration.",128,1995/5/19,1995/5/19
138,Iron Man,"Action, Science Fiction, Adventure","After being held captive in an Afghan cave, billionaire engineer Tony Stark creates a unique weaponized suit of armor to fight evil.",126,2008/4/30,2008/4/30
139,Captain America: The First Avenger,"Action, Adventure, Science Fiction","Predominantly set during World War II, Steve Rogers is a sickly man from Brooklyn who's transformed into super-soldier Captain America to aid in the war effort. Rogers must stop the Red Skull – Adolf Hitler's ruthless head of weaponry, and the leader of an organization that intends to use a mysterious device of untold powers for world domination.",124,2011/7/22,2011/7/22
140,The Empire Strikes Back,"Adventure, Action, Science Fiction","The epic saga continues as Luke Skywalker, in hopes of defeating the evil Galactic Empire, learns the ways of the Jedi from aging master Yoda. But Darth Vader is more determined than ever to capture Luke. Meanwhile, rebel leader Princess Leia, cocky Han Solo, Chewbacca, and droids C-3PO and R2-D2 are thrown into various stages of capture, betrayal and despair.",124,1980/5/17,1980/5/17
141,A Mighty Heart,"Drama, Thriller","Based on Mariane Pearl's account of the terrifying and unforgettable story of her husband, Wall Street Journal reporter Danny Pearl's life and death.",100,2007/1/1,2007/1/1
142,The Patriot,"Drama, History, War, Action","After proving himself on the field of battle in the French and Indian War, Benjamin Martin wants nothing more to do with such things, preferring the simple life of a farmer. But when his son Gabriel enlists in the army to defend their new nation, America, against the British, Benjamin reluctantly returns to his old life to protect his son.",165,2000/6/28,2000/6/28
143,Open Range,Western,A former gunslinger is forced to take up arms again when he and his cattle crew are threatened by a corrupt lawman.,139,2003/8/29,2003/8/29
144,The Wizard of Oz,"Adventure, Family, Fantasy","Young Dorothy finds herself in a magical world where she makes friends with a lion, a scarecrow and a tin man as they make their way along the yellow brick road to talk with the Wizard and ask for the things they miss most in their lives. The Wicked Witch of the West is the only thing that could stop them.",102,1939/8/15,1939/8/15
